EV Rank,Golfer,EV ($),Skill,SG Total,OWGR Rank,Form,Course Fit,Odds,Win %,Top 5 %,Top 10 %,Make Cut %,Season Action,Pick Rank,Reason
1,Hideki Matsuyama,322406,80.2,+1.460,20,Hot,Strong,+2800,5.02,22.0,38.5,84.0,USE,1,Elite (top 15) — surplus allows use
2,Xander Schauffele,313219,72.3,+1.580,4,Average,Strong,+1300,4.75,21.1,37.4,85.0,USE,2,Elite (top 15) — surplus allows use
3,Chris Gotterup,284408,77.6,+0.960,28,Hot,Strong,+3100,3.93,18.1,33.6,86.0,USE,3,Elite (top 15) — surplus allows use
4,Patrick Cantlay,280687,78.8,+1.290,24,Hot,Good,+2300,3.83,17.7,33.1,86.0,USE,4,Elite (top 15) — surplus allows use
5,Jason Day,236415,73.2,+0.840,49,Hot,Good,+3200,2.69,13.4,27.0,88.0,USE,5,Elite (top 15) — surplus allows use
6,Maverick McNealy,235193,73.8,+1.150,21,Hot,Good,+3000,2.66,13.2,26.9,88.0,USE,6,Elite (top 15) — surplus allows use
7,Wyndham Clark,225189,75.9,+1.200,38,Hot,Strong,+4800,2.42,12.3,25.4,88.0,USE,7,Elite (top 15) — surplus allows use
8,Harris English,220036,74.5,+0.980,11,Hot,Good,+2600,2.3,11.8,24.7,89.0,USE,8,Elite (top 15) — surplus allows use
9,Sam Stevens,191851,65.5,+0.490,48,Hot,Strong,+4800,1.69,9.2,20.7,90.0,USE,9,Elite (top 15) — surplus allows use
10,Jake Knapp,190145,60.5,+0.450,91,Hot,Strong,+4100,1.66,9.1,20.4,90.0,USE,10,
11,Taylor Pendrith,170332,62.9,+0.700,46,Good,Strong,+4000,1.27,7.4,17.6,91.0,USE,11,
12,J.J. Spaun,156394,68.9,+0.900,6,Good,Average,+2400,1.05,6.3,15.5,92.0,USE,12,Elite (top 15) — surplus allows use
13,Keegan Bradley,155208,61.0,+1.260,14,Cold,Strong,+2900,1.04,6.2,15.3,92.0,USE,13,
14,Cameron Young,149445,63.0,+1.100,18,Average,No Data,+1800,0.96,5.8,14.4,93.0,USE,14,
15,Patrick Rodgers,125618,59.4,+0.440,80,Hot,Good,+6400,0.7,4.3,10.8,94.0,USE,15,
16,Aaron Rai,122898,64.7,+1.020,23,Average,Good,+5700,0.67,4.1,10.5,95.0,USE,16,Elite (top 15) — surplus allows use
17,Adam Scott,116705,58.8,+0.360,62,Good,No Data,+4400,0.61,3.8,9.6,95.0,USE,17,
18,Sahith Theegala,113434,59.0,+0.680,104,Hot,Good,+10000,0.58,3.6,9.2,95.0,USE,18,
19,Max Homa,109367,50.1,+0.400,139,Hot,Good,+4900,0.55,3.4,8.7,95.0,USE,19,
20,Max Greyserman,106137,61.2,+0.600,32,Good,Good,+6500,0.52,3.2,8.3,95.0,USE,20,
21,Haotong Li,105312,68.7,,64,Good,No Data,+10000,0.51,3.2,8.2,95.0,USE,21,Elite (top 15) — surplus allows use
22,Christiaan Bezuidenhout,99144,60.1,+0.760,78,Good,Average,+6800,0.46,2.9,7.4,95.0,USE,22,
23,Pierceson Coody,96321,61.7,+0.500,81,Hot,Weak,+6500,0.44,2.7,7.1,95.0,USE,23,
24,Rasmus Neergaard-Petersen,93773,62.1,,52,Average,No Data,+5800,0.42,2.6,6.8,95.0,USE,24,
25,Justin Rose,93325,57.2,+0.820,10,Cold,Good,+5000,0.42,2.6,6.8,94.0,USE,25,
26,Johnny Keefer,88774,70.0,,47,Good,No Data,+14000,0.38,2.4,6.2,94.0,USE,26,Elite (top 15) — surplus allows use
27,John Parry,84519,64.4,,76,Good,No Data,+12500,0.35,2.2,5.8,94.0,USE,27,Elite (top 15) — surplus allows use
28,Garrick Higgo,84221,54.1,+1.050,59,Average,Good,+5800,0.35,2.2,5.8,94.0,USE,28,
29,Nicolai Højgaard,84042,45.9,+0.390,65,Average,Strong,,0.35,2.2,5.7,94.0,USE,29,
30,Alex Noren,83655,54.5,+0.880,17,Cold,No Data,+3700,0.35,2.2,5.7,94.0,USE,30,
31,Denny McCarthy,82063,55.7,+0.580,71,Good,No Data,+7200,0.34,2.1,5.5,94.0,USE,31,
32,Andrew Putnam,81274,55.2,-0.100,109,Hot,Strong,+25000,0.33,2.1,5.4,93.0,USE,32,
33,Sam Ryder,77834,37.2,,192,Hot,Good,,0.31,1.9,5.1,93.0,USE,33,
34,Andrew Novak,77467,57.0,+0.560,31,Average,Good,+11000,0.31,1.9,5.0,93.0,USE,34,
35,Tom Hoge,76347,58.2,+0.420,84,Hot,Good,+18000,0.3,1.9,4.9,93.0,USE,35,
36,Marco Penge,71928,52.9,+0.520,29,Average,No Data,+5600,0.27,1.7,4.5,92.0,USE,36,
37,Ricky Castillo,69294,43.2,,156,Good,Strong,+15500,0.26,1.6,4.2,91.0,USE,37,
38,Si Woo Kim,67722,25,,,Unknown,Good,+2250,0.25,1.6,4.1,91.0,USE,38,
39,Davis Thompson,66731,47.1,+0.540,97,Average,Average,+6000,0.24,1.5,4.0,90.0,USE,39,
40,Dan Brown,65053,61.4,,63,Average,No Data,+14000,0.23,1.5,3.9,90.0,USE,40,
41,Thorbjørn Olesen,64140,49.9,,87,Average,No Data,+5900,0.23,1.4,3.8,90.0,USE,41,
42,Akshay Bhatia,63920,42.3,+0.780,43,Poor,Strong,+6500,0.22,1.4,3.8,89.0,USE,42,
43,S.H. Kim,61578,49.4,+0.140,141,Hot,Good,+17500,0.21,1.3,3.5,89.0,USE,43,
44,Ryan Gerard,60022,25,,,Unknown,Strong,+5200,0.2,1.3,3.4,88.0,USE,44,
45,Michael Thorbjornsen,58542,42.9,+0.470,69,Cold,Average,+4600,0.2,1.2,3.3,87.0,USE,45,
46,Mac Meissner,57112,48.2,+0.270,96,Good,Average,+9400,0.19,1.2,3.2,87.0,USE,46,
47,Jordan Smith,55357,46.1,-0.190,86,Good,No Data,+9800,0.18,1.1,3.0,86.0,USE,47,
48,Keith Mitchell,54527,43.8,+0.430,129,Average,Average,+7800,0.18,1.1,3.0,86.0,USE,48,
49,Billy Horschel,52770,61.3,+0.860,45,Good,Weak,+13000,0.17,1.1,2.8,85.0,USE,49,
50,Kevin Yu,51243,37.9,+0.310,92,Cold,Good,+7000,0.16,1.0,2.7,84.0,USE,50,
51,Lee Hodges,49973,42.8,+0.120,124,Good,Good,+13000,0.15,1.0,2.6,83.0,USE,51,
52,Alex Smalley,49973,46.7,+0.210,118,Good,Weak,+10000,0.15,1.0,2.6,83.0,USE,52,
53,Will Zalatoris,46063,25,,,Unknown,Good,+5700,0.14,0.9,2.3,80.0,USE,53,
54,Vince Whaley,44932,40.1,+0.070,100,Average,Good,+11000,0.13,0.8,2.2,80.0,USE,54,
55,Eric Cole,44914,47.6,+0.410,108,Good,Weak,+11000,0.13,0.8,2.2,80.0,USE,55,
56,Adrien Dumont de Chassart,43459,43.4,,147,Good,Average,+14500,0.13,0.8,2.1,78.0,USE,56,
57,Max McGreevy,43043,63.4,,61,Average,Poor,+11500,0.12,0.8,2.1,78.0,USE,57,Elite (top 15) — surplus allows use
58,Doug Ghim,42255,36.1,+0.150,148,Average,Good,+11500,0.12,0.8,2.0,78.0,USE,58,
59,Matt Kuchar,40974,43.1,-0.040,131,Good,No Data,+16500,0.11,0.7,1.9,76.0,USE,59,
60,Austin Smotherman,40182,45.1,-0.020,112,Good,Average,+19500,0.11,0.7,1.9,76.0,USE,60,
61,Tom Kim,39369,50.7,+0.660,107,Good,No Data,+24000,0.11,0.7,1.8,75.0,USE,61,
62,Davis Riley,36249,54.4,+0.200,85,Good,Weak,+26000,0.1,0.6,1.6,72.0,USE,62,
63,Taylor Moore,36202,34.4,+0.000,175,Good,Good,+18500,0.1,0.6,1.6,72.0,USE,63,
64,Brooks Koepka,36139,25,,,Unknown,No Data,+5300,0.1,0.6,1.6,72.0,USE,64,
65,Michael Brennan,34842,49.0,+0.220,35,Average,No Data,+19000,0.09,0.6,1.6,71.0,USE,65,
66,Kris Ventura,34659,25,,,Unknown,Strong,+18000,0.09,0.6,1.5,70.0,USE,66,
67,Adrien Saddier,34117,53.4,,74,Average,No Data,+25000,0.09,0.6,1.5,70.0,USE,67,
68,Ludvig Åberg,33760,25,,,Unknown,Strong,,0.09,0.6,1.5,69.0,USE,68,
69,Stephan Jaeger,33303,38.3,+0.250,116,Average,Good,+19500,0.09,0.5,1.5,69.0,USE,69,
70,Aldrich Potgieter,33156,34.8,+0.110,82,Cold,Strong,+18500,0.09,0.5,1.4,69.0,USE,70,
71,Matt McCarty,33054,25,,,Unknown,Average,+6000,0.08,0.5,1.4,69.0,USE,71,
72,Chandler Phillips,32504,39.9,-0.130,145,Good,Average,+22500,0.08,0.5,1.4,68.0,USE,72,
73,Sami Välimäki,32475,25,,,Unknown,Strong,,0.08,0.5,1.4,68.0,USE,73,
74,Tony Finau,32131,38.5,+0.620,102,Cold,Good,+18000,0.08,0.5,1.4,68.0,USE,74,
75,Takumi Kanaya,30431,41.0,-0.180,114,Good,Average,+21000,0.08,0.5,1.3,65.0,USE,75,
76,Beau Hossler,29864,32.1,+0.170,138,Cold,Strong,+17500,0.07,0.5,1.3,65.0,USE,76,
77,Séamus Power,29650,39.3,,162,Good,Weak,+13500,0.07,0.5,1.2,64.0,USE,77,
78,Matt Wallace,29120,43.2,+0.330,73,Cold,Weak,+9600,0.07,0.5,1.2,64.0,USE,78,
79,Karl Vilips,28884,46.2,-0.310,132,Hot,No Data,+49000,0.07,0.4,1.2,63.0,USE,79,
80,Danny Walker,27881,25,,,Unknown,Good,,0.07,0.4,1.1,62.0,USE,80,
81,Emilio González,27204,34.9,,153,Average,No Data,,0.07,0.4,1.1,61.0,USE,81,
82,Rico Hoey,26250,40.6,+0.370,68,Cold,Weak,+8400,0.06,0.4,1.1,60.0,USE,82,
83,Kristoffer Reitan,25986,25,,,Unknown,No Data,+9600,0.06,0.4,1.0,59.0,USE,83,
84,William Mouw,25950,37.3,,123,Cold,Good,+17000,0.06,0.4,1.0,59.0,USE,84,
85,Matti Schmid,25382,42.6,,90,Cold,Average,+14500,0.06,0.4,1.0,58.0,USE,85,
86,Jhonattan Vegas,24653,34.7,+0.280,83,Poor,Good,+15500,0.06,0.4,1.0,57.0,USE,86,
87,Gary Woodland,23510,31.5,-0.070,126,Cold,Average,+15000,0.05,0.3,0.9,56.0,USE,87,
88,Peter Malnati,23400,25,,,Unknown,Good,,0.05,0.3,0.9,55.0,USE,88,
89,Steven Fisk,23204,35.0,-0.030,105,Cold,Good,+21000,0.05,0.3,0.9,55.0,USE,89,
90,Emiliano Grillo,22645,35.2,+0.350,99,Cold,Average,+15500,0.05,0.3,0.9,54.0,USE,90,
91,Lanto Griffin,21725,23.3,,184,Cold,Strong,,0.05,0.3,0.8,53.0,USE,91,
92,Joel Dahmen,21663,25,,,Unknown,Good,,0.05,0.3,0.8,53.0,USE,92,
93,Austin Eckroat,20986,34.7,+0.090,135,Average,Average,+22000,0.05,0.3,0.8,51.0,USE,93,
94,Mackenzie Hughes,20936,32.6,+0.230,94,Poor,Good,+16000,0.05,0.3,0.8,51.0,USE,94,
95,Jesper Svensson,19210,27.8,-0.150,146,Cold,Average,+17000,0.04,0.3,0.7,48.0,USE,95,
96,Chad Ramey,19154,30.3,-0.090,166,Average,Good,+28000,0.04,0.3,0.7,48.0,USE,96,
97,Ryo Hisatsune,18852,36.0,-0.230,130,Average,Average,+31000,0.04,0.3,0.7,48.0,USE,97,
98,Rafael Campos,18843,25,,,Unknown,Average,,0.04,0.3,0.7,48.0,USE,98,
99,Brandt Snedeker,18771,26.7,-0.060,196,Average,Good,+27500,0.04,0.3,0.7,47.0,USE,99,
100,Kevin Streelman,18340,25,,,Unknown,Average,,0.04,0.2,0.7,47.0,USE,100,
101,Kevin Roy,18252,39.5,-0.050,137,Good,Poor,+21000,0.04,0.2,0.7,46.0,USE,101,
102,Aaron Wise,18128,25,,,Unknown,No Data,,0.04,0.2,0.7,46.0,USE,102,
103,Rasmus Højgaard,18128,25,,,Unknown,No Data,,0.04,0.2,0.7,46.0,USE,103,
104,Jeffrey Kang,18128,25,,,Unknown,No Data,,0.04,0.2,0.7,46.0,USE,104,
105,Mark Geddes,18128,25,,,Unknown,No Data,,0.04,0.2,0.7,46.0,USE,105,
106,A.J. Ewart,18128,25,,,Unknown,No Data,,0.04,0.2,0.7,46.0,USE,106,
107,Gordon Sargent,18128,25,,,Unknown,No Data,,0.04,0.2,0.7,46.0,USE,107,
108,Justin Hastings,18128,25,,,Unknown,No Data,,0.04,0.2,0.7,46.0,USE,108,
109,Hunter Logan,18128,25,,,Unknown,No Data,,0.04,0.2,0.7,46.0,USE,109,
110,Marcelo Rozo,18128,25,,,Unknown,No Data,,0.04,0.2,0.7,46.0,USE,110,
111,Mark Hubbard,18128,30.1,+0.060,122,Cold,Good,+28000,0.04,0.2,0.7,46.0,USE,111,
112,Zecheng Dou,17582,25,,,Unknown,Good,+24000,0.04,0.2,0.6,45.0,USE,112,
113,Isaiah Salinda,17126,25,,,Unknown,Good,+34000,0.04,0.2,0.6,44.0,USE,113,
114,Matthieu Pavon,15175,25,,,Unknown,Good,+29000,0.03,0.2,0.5,40.0,USE,114,
115,Luke Clanton,14745,16.2,+0.020,181,Poor,Strong,+22500,0.03,0.2,0.5,39.0,USE,115,
116,Luke List,14599,25,,,Unknown,Good,+43000,0.03,0.2,0.5,39.0,USE,116,
117,Dylan Wu,13485,25,,,Unknown,Average,+28000,0.03,0.2,0.5,37.0,USE,117,
118,Jeremy Paul,13270,25,,,Unknown,Weak,,0.03,0.2,0.5,36.0,USE,118,
119,Keita Nakajima,13039,32.4,-0.300,98,Cold,Weak,+26000,0.03,0.2,0.4,36.0,USE,119,
120,David Ford,12505,25,,,Unknown,No Data,+32500,0.03,0.2,0.4,34.0,USE,120,
121,Erik van Rooyen,12486,30.9,-0.110,120,Cold,Average,+34000,0.03,0.2,0.4,34.0,USE,121,
122,David Lipsky,12435,40.6,-0.140,142,Good,Poor,+48000,0.03,0.2,0.4,34.0,USE,122,
123,Neal Shipley,11815,27.2,+0.030,103,Poor,No Data,+22000,0.02,0.1,0.4,33.0,USE,123,
124,Zach Bauchou,11224,33.7,-0.260,174,Good,No Data,+90000,0.02,0.1,0.4,32.0,USE,124,
125,Kensei Hirata,11195,36.4,,150,Average,No Data,+72500,0.02,0.1,0.4,31.0,USE,125,
126,Marcus Byrd,10880,25,,,Unknown,Weak,,0.02,0.1,0.4,31.0,USE,126,
127,Patrick Fishburn,10529,23.7,+0.100,134,Poor,Weak,+17000,0.02,0.1,0.3,30.0,USE,127,
128,Alejandro Tosti,10508,25,,,Unknown,Good,+55000,0.02,0.1,0.3,30.0,USE,128,
129,Camilo Villegas,10465,25,,,Unknown,Weak,,0.02,0.1,0.3,30.0,USE,129,
130,S.T. Lee,9849,25,,,Unknown,No Data,+47500,0.02,0.1,0.3,28.0,USE,130,
131,Charley Hoffman,9215,25,,,Unknown,Good,+65000,0.02,0.1,0.3,27.0,USE,131,
132,Henrik Norlander,8864,20.9,,197,Average,Weak,,0.02,0.1,0.3,26.0,USE,132,
133,Chandler Blanchet,8777,22.1,-0.220,119,Poor,No Data,+26000,0.02,0.1,0.3,26.0,USE,133,
134,Joe Highsmith,8494,31.6,+0.080,115,Cold,Good,+97500,0.02,0.1,0.3,25.0,USE,134,
135,Sudarshan Yellamaraju,8459,25,,,Unknown,No Data,+60000,0.02,0.1,0.3,25.0,USE,135,
136,John VanDerLaan,8047,25,,,Unknown,No Data,+65000,0.02,0.1,0.3,24.0,USE,136,
137,Brice Garnett,7864,30.3,-0.010,198,Good,Poor,+43000,0.02,0.1,0.3,23.0,USE,137,
138,Thomas Rosenmueller,7815,25,,,Unknown,Poor,,0.02,0.1,0.3,23.0,USE,138,
139,Adam Svensson,7278,24.9,-0.240,200,Average,Weak,+55000,0.01,0.1,0.2,22.0,USE,139,
140,Davis Chatfield,6997,21.5,-0.330,199,Average,No Data,+62500,0.01,0.1,0.2,21.0,USE,140,
141,Pontus Nyholm,6727,25,,,Unknown,No Data,+90000,0.01,0.1,0.2,20.0,USE,141,
142,Adam Schenk,6528,18.9,-0.080,136,Poor,Strong,+72500,0.01,0.1,0.2,20.0,USE,142,
143,Hank Lebioda,6430,19.0,-0.200,195,Cold,Average,+44000,0.01,0.1,0.2,19.0,USE,143,
144,Jackson Suber,6203,13.8,,186,Poor,Good,,0.01,0.1,0.2,19.0,USE,144,
145,Justin Lower,3925,13.8,-0.210,168,Poor,Average,+52500,0.01,0.0,0.1,12.0,USE,145,
146,Christo Lamprecht,3240,13.1,-0.340,152,Poor,No Data,+62500,0.01,0.0,0.1,10.0,USE,146,
147,Cam Davis,2071,21.9,+0.050,143,Poor,Poor,+77500,0.0,0.0,0.1,6.0,USE,147,
